,name,likes,tags,followers
0,buddyboowaggytails,18055,2,348601
1,caspar_leeo,119008,0,1100076
2,ellevarner,5734,1,381134
3,king_lilg,2597,1,59183
4,weworewhat,3841,1,485736
5,rumineely,5920,0,523566
6,amberleemtv,2854,3,60618
7,seahawks,13362,1,434658
8,diggysimmons,27003,0,562773
9,monicabrown,18609,3,1274595
10,sosobs,4293,0,165473
11,nala_cat,18740,0,1197086
12,noahcyrus,63469,0,963698
13,jamiejchung,6389,1,341263
14,misss_kota,11785,2,502801
15,salwas_world_of_art,5656,0,261468
16,humaidalbuqaish,12914,0,487511
17,ericvdunn_,1613,0,101170
18,mackenziesherburn,6462,0,126340
19,gq,9156,0,914847
20,nylonmag,10883,1,608689
21,waleedbakshwen4,3242,0,21603
22,cats_of_instagram,70310,1,1338970
23,chuck_tee,3114,0,4433
24,letthelordbewithyou,117001,0,3732388
25,casandrae,38385,1,1555916
26,tacielealcolea,8805,0,271127
27,louki_987,710,0,457
28,caioc3,76525,0,1759398
29,carinstagram,19797,0,1043185
30,nba,55274,1,2397008
31,mohmmed_alanazi,4164,27,53660
32,vinedoctor,15064,0,518833
33,civilking,9687,0,833979
34,gmy_vintique,24381,1,847077
35,nyrangers,9535,1,213295
36,motor_head_,18572,0,707768
37,trevorjackson5,8444,1,209427
38,flmha_,7592,0,97975
39,luanna90,39245,0,688395
40,sophiabush,19451,7,687521
41,americanstyle,10605,0,1574450
42,waleedbakshwen4,3242,0,21603
43,touzani7,5886,2,132507
44,espn,20213,0,797089
45,louis_tomlinson,10005,1,395402
46,tinitastoessel,18028,0,356885
47,goromalbeshe1,3365,0,111287
48,flmha_,7592,0,97975
49,austinmahonesarmy,12050,1,434121
50,fcbarcelona,59385,3,1958671
51,camillamackintosh,17529,1,584283
52,audiosoup,6278,0,616981
53,fashionnova,10827,0,512888
54,littlemissnorthwest,6382,0,364781
55,corgistagram,11330,0,204363
56,ahlamalnajdi,11839,5,1508692
57,30secondstomars,23924,2,363917
58,amberleemtv,2854,3,60618
59,hilarrious,13867,0,689877
60,thekatvond,28332,0,2178726
61,ghada_alodah,6684,0,216536
62,harrysmileforme,12541,0,363789
63,humaidalbuqaish,12914,0,487514
64,jeromeboateng,8128,2,195101
65,nolanfunk,9729,0,219691
66,rumineely,5920,0,523567
67,jadeseba,11238,2,336004
68,kaelynnharris,9404,1,239463
69,m_aljbr,2253,1,26605
70,annasaccone,11150,4,321629
71,jack_payneee,5442,1,89417
72,fabisantina,3959,0,135930
73,manrepeller,5371,3,572622
74,motogp,7671,1,241290
75,tunameltsmyheart,30290,3,782666
76,ootdmagazine,9367,0,1031598
77,loolyzh,8215,0,234532
78,thesupercole,28387,0,394812
79,fcbayern,23722,4,481647
80,forloveandlemons,7110,2,325944
81,doll_memories,4558,4,310160
82,tunameltsmyheart,30290,3,782667
83,steveaoki,15207,0,1103891
84,harrythepussymaster,5637,0,221503
85,lenagercke,9266,0,224007
86,xococoho,9662,0,184713
87,jennydwoody,770,0,6808
88,neworleanssaints,3895,3,259319
89,shai_woodley,7925,0,104988
90,mikesmithlive,3153,1,67540
91,samcallahanmusic,4845,0,175462
92,rei,4219,2,64008
93,ascia_akf,17418,0,744677
94,youngsav23,4316,1,168462
95,sh3aib,7180,0,196440
96,rojas_gary,4016,2,93504
97,futbolsport,13572,5,306805
98,juddymcfly,9688,0,149394
99,viktorfrisks,7178,1,129318
100,laquenailbar,13363,2,682042
101,fashionnova,10828,0,512891
102,chanteljeffries,13542,0,666328
103,ellevarner,5734,1,381134
104,fun_clips,8895,0,484733
105,classicsdaily,5025,0,128853
106,nasser__hamad,2030,5,12131
107,andreaswijk,2404,1,127678
108,asmuskristina,8839,0,351293
109,zooooooe,8609,0,254662
110,stancenation,26630,1,973439
111,brandymelvillecanada,20094,9,533415
112,jenee_12,12592,0,118207
113,champssports,13072,2,285151
114,m_jarallah,4926,0,89143
115,proudlock,15616,0,337076
116,truckdaily,16368,1,660321
117,iamgalla,19371,1,666403
118,sutterink,4365,0,77366
119,hollisterco,44084,1,1004261
120,hudabeauty,8533,0,725814
121,suicidegirls,13933,2,1317851
122,stupidlaughss,4588,0,261848
123,makeupvideoss,4539,0,138449
124,girlyhub,5154,0,418250
125,luanna90,39245,0,688395
126,motogp,7674,1,241291
127,jennycdelich,4196,2,63426
128,americanstyle,10605,0,1574447
129,thesupercole,28387,0,394813
130,converse,15416,1,725101
131,sosobs,4293,0,165474
132,hugogloss,12448,1,593069
133,marvel,7723,5,180867
134,harrysmileforme,12541,0,363788
135,jamiejchung,6390,1,341263
136,thenorthface,5680,2,194046
137,meghanrosette,20880,2,317055
138,tinitastoessel,18029,0,356886
139,felecool,5090,0,292227
140,sophiaabrahao,24636,0,728606
141,yandysmith,7395,6,1138718
142,dancemommelissa31,15930,0,350364
143,emilycrimaldii,1010,0,1535
144,oscarenestad,7610,0,167616
145,rojas_gary,4018,2,93506
146,fitness_food_motivation,9765,0,1110615
147,noahcyrus,63472,0,963699
148,nasser__hamad,2030,5,12131
149,lolaalfares,17014,0,627383
150,mzdanah,6384,0,238854
151,imjennim,28723,1,529083
152,christiandelgrosso,9734,0,200139
153,chrissycostanza,15645,0,321835
154,jenee_12,12593,0,118207
155,sophie_789,10586,5,159833
156,spitta_andretti,8247,2,450641
157,xammasi,8919,0,112586
158,kendra_wilkinson_baskett,17678,0,370750
159,kitchennoor,5931,0,650767
160,elmakias,11098,0,220197
161,troubleman31,5725,4,1992458
162,girlyhub,5155,0,418250
163,seamusobrien,8833,0,296108
164,kitchennoor,5931,0,650767
165,dancemommelissa31,15930,0,350366
166,altpress,2124,2,132478
167,jewsie_nails,14016,0,489923
168,7e9a_alloughani,5687,0,576487
169,sneakercon,13492,1,770123
170,tylerjblackburn,40763,0,1053749
171,cats_of_instagram,70319,1,1338975
172,ferrarimotorsport,12540,2,754429
173,seanmalto,14899,1,292167
174,noahcyrus,63473,0,963700
175,riandawson,11057,0,163598
176,gublergram,10049,0,145391
177,michellefawn,22812,1,1449224
178,yasser_alqahtani,15955,0,200386
179,hudabeauty,8534,0,725816
180,bulldogstuff,5258,0,162810
181,sophiaabrahao,24638,0,728606
182,jack_payneee,5443,1,89418
183,nkalexander7,6403,0,175224
184,hilarrious,13868,0,689892
185,torsteinhorgmo,5244,0,92961
186,converse,15416,1,725100
187,finnharries,67276,0,1467329
188,king_lilg,2597,1,59184
189,stavangermamma,12369,0,155717
190,khloekardashian,182149,0,8987725
191,limecrimemakeup,11142,3,608845
192,jasonderulo,14209,1,677536
193,benandjerrys,7853,2,393774
194,digbyvanwinkle,3183,0,266125
195,dillonfrancis,10947,0,232258
196,sutterink,4365,0,77366
197,michelle_lewin_,13933,1,1073712
198,jennycdelich,4196,2,63427
199,koragoal,5922,12,139282
200,gabilopescombr,5701,3,146812
201,m_almaeili,2017,0,22881
202,dillonbrandt,3759,0,94681
203,sincerelyjules,17955,1,1100079
204,austinmahonesarmy,12058,1,434120
205,starwars,17838,4,378994
206,boobsandloubs_,11075,0,341954
207,beyondthebuzzer,9417,5,228096
208,zooooooe,8610,0,254662
209,rosslynchxl,9999,0,575816
210,deluxefx,11935,0,860958
211,ascia_akf,17421,0,744679
212,zaagakun,854,0,10731
213,harrypottercast,8883,0,351172
214,harrysmileforme,12542,0,363790
215,annaclendening,4713,0,139688
216,viktorfrisks,7178,1,129319
217,dancemommelissa31,15932,0,350366
218,hollisterco,44085,1,1004260
219,jn,4081,0,313962
220,carinstagram_video,9577,0,288310
221,pllfeed,16149,1,572882
222,mlbfancave,6995,0,201637
223,klebbertoledo13,18039,2,284182
224,cutegirlshairstyles,14860,1,617204
225,buzova86,9568,0,650041
226,wonderful_places,32656,0,1134210
227,yandysmith,7398,6,1138718
228,fitness_food_motivation,9766,0,1110615
229,girlyhub,5157,0,418250
230,motogp,7675,1,241295
231,monicabrown,18612,3,1274595
232,touzani7,5886,2,132509
233,hilarrious,13868,0,689896
234,chrissycostanza,15648,0,321837
235,ms_rosalee,6566,0,472533
236,nailsartvidss,25254,0,981080
237,thats_g_,1019,0,28881
238,kennywormald,5266,3,79587
239,wwe,13982,3,784657
240,brittanya187,12909,1,1118623
241,awesomeinventions,41494,0,2086975
242,emilycrimaldii,1010,0,1535
243,theveeview,7871,0,280090
244,waltdisneyworld,15596,2,250433
245,marleylilly,3424,3,147703
246,asos,31717,0,1634272
247,sophie_789,10586,5,159834
248,sprinkleofglitr,52504,0,634110
249,31_cengiz_21,1798,2,16016
250,king_lilg,2597,1,59184
251,johngreenwritesbooks,52162,0,501142
252,shaimaa_3li_,5726,1,633349
253,klebbertoledo13,18039,2,284183
254,finnharries,67287,0,1467329
255,camillamackintosh,17535,1,584288
256,luanna90,39249,0,688399
257,chantelzales,14066,0,504956
258,kyrenian,11451,30,676379
259,nikerunning,20865,1,710060
260,forloveandlemons,7111,2,325948
261,mirandalambert,11069,0,237283
262,issa_gold,1707,1,33404
263,tunameltsmyheart,30293,3,782663
264,chrissycostanza,15650,0,321838
265,casandrae,38409,1,1555922
266,interior123,8975,0,364509
267,nkalexander7,6404,0,175224
268,yandysmith,7398,6,1138718
269,guimemc,22654,0,722682
270,doll_memories,4559,4,310164
271,mackenziesherburn,6464,0,126341
272,cutegirlshairstyles,14861,1,617203
273,yasser_alqahtani,15955,0,200388
274,sportscenter,47416,0,628716
275,ferrarimotorsport,12542,2,754432
276,megandeangelis,4603,0,71603
277,darya_pinzar86,3784,0,261206
278,bestvideos,2834,0,116415
279,beatfacehoney,3925,1,190301
280,gabie_dinsbeer,6076,1,90586
281,faktastisch,43843,0,740371
282,darya_pinzar86,3784,0,261206
283,chantelzales,14067,0,504957
284,touzani7,5888,2,132508
285,vans,35279,1,1305894
286,31_cengiz_21,1798,2,16016
287,stavangermamma,12369,0,155717
288,ghada_alodah,6688,0,216538
289,carinstagram_video,9578,0,288311
290,christiandelgrosso,9735,0,200140
291,shai_woodley,7929,0,104992
292,obey_king1212,956,0,2998
293,americanstyle,10613,0,1574449
294,gq,9159,0,914850
295,dancemommelissa31,15932,0,350366
296,haifahussain,4336,16,321777
297,fitness_food_motivation,9767,0,1110618
298,corgistagram,11331,0,204362
299,kyrenian,11452,30,676379
300,nolanfunk,9732,0,219690
301,nikewomen,14268,1,420891
302,ellevarner,5734,1,381136
303,pistonaddictz,5997,1,220748
304,2sisters_angie,9178,0,366602
305,seahawks,13364,1,434658
306,rumineely,5921,0,523568
307,boobsandloubs_,11075,0,341955
308,julianapaesoficial,9122,0,541005
309,tacielealcolea,8815,0,271131
310,nailstorming,10164,0,269748
311,altpress,2125,2,132478
312,7e9a_alloughani,5690,0,576490
313,felecool,5091,0,292230
314,asmuskristina,8840,0,351292
315,nailsvideos,4467,0,198553
316,chanteljeffries,13544,0,666326
317,lindsaylohan,41040,2,1263077
318,pshiiit_polish,2461,4,181880
319,gq,9161,0,914850
320,thesupercole,28390,0,394811
321,zendayamaree,158275,0,3136166
322,keep1988,7366,1,219583
323,fcbayern,23725,4,481651
324,sophiabush,19461,7,687528
325,corgistagram,11333,0,204362
326,wildfoxcouture,8146,1,513757
327,ootdmagazine,9372,0,1031598
328,tuner_society_,3719,1,120361
329,ferrarimotorsport,12543,2,754432
330,tyleroakley,123747,0,1733961
331,fcbarcelona,59410,3,1958700
332,youngsav23,4317,1,168464
333,gublergram,10051,0,145390
334,heyharrystyles,16095,0,475288
335,shaym,224648,0,3425388
336,harrysmileforme,12542,0,363790
337,karliekloss,18450,0,877395
338,seanmalto,14902,1,292170
339,willianborges88,29291,3,287874
340,girlyhub,5161,0,418249
341,faisalalbasri,20759,0,291949
342,johngreenwritesbooks,52163,0,501143
343,3bood_boushehri,7098,0,444398
344,sincerelyjules,17958,1,1100073
345,laquenailbar,13366,2,682046
346,mr_carter5,5169,0,153617
347,altpress,2125,2,132478
348,gossipgirlfeed,16463,0,583220
349,lucaslucco,18029,0,682775
350,edwestwick,66095,0,445234
351,gerardoortizoficial,17248,0,545841
352,americanstyle,10613,0,1574449
353,bestvacations,23779,1,761791
354,beyondthebuzzer,9419,5,228096
355,gmartello22,10430,1,249239
356,bulldogstuff,5260,0,162810
357,insta6arab,7315,1,249071
358,torsteinhorgmo,5246,0,92961
359,flightclub,25233,1,625980
360,slave2beauty,16738,0,872164
361,euro_sport_,21659,0,454888
362,solecollector,10020,2,443663
363,vinedoctor,15071,0,518841
364,mustafaseven,16772,0,676158
365,shamma1hamdan,11828,0,715041
366,omarborkan,11729,0,507445
367,carswithoutlimits,22010,3,1163040
368,fabisantina,3964,0,135934
369,garotasestupidas,10101,1,653879
370,victoriabonya,16097,8,868261
371,benefitcosmetics,5208,5,602324
372,jenesuispasjoli,6339,0,58621
373,mo0oney5544,13513,0,327396
374,swakll,3428,0,233563
375,nikerunning,20868,1,710059
376,rei,4224,2,64009
377,hoopmixtape,11878,0,306159
378,benandjerrys,7856,2,393772
379,jamesmaslow,28644,1,539138
380,ka7mad,3545,0,52411
381,laurag_143,11019,0,609376
382,oscarwylde,17401,0,393919
383,louki_987,711,0,458
384,trevorjackson5,8446,1,209440
385,asos,31721,0,1634274
386,ericvdunn_,1614,0,101175
387,keep1988,7367,1,219583
388,bestvideos,2834,0,116420
389,samcallahanmusic,4846,0,175462
390,warriors,13331,1,304532
391,nbcthevoice,7555,4,248279
392,iamgalla,19375,1,666410
393,ijustine,13110,0,678710
394,robbiecrawford,7375,1,230983
395,kardinalmelon,12902,0,637235
396,jenee_12,12595,0,118209
397,miatalerico101,15129,0,409377
398,salwas_world_of_art,5657,0,261474
399,gabilopescombr,5703,3,146815
400,iamgalla,19375,1,666410
401,charlestrippy,18430,0,404488
402,ferrarimotorsport,12546,2,754432
403,humaidalbuqaish,12921,0,487524
404,futbolsport,13580,5,306810
405,eman_alflamrzi,4556,0,574345
406,buzova86,9569,0,650042
407,kristina_bazan,9880,2,633137
408,coolestcollegefootballuniforms,6987,8,179381
409,lucaslucco,18031,0,682782
410,sosobs,4297,0,165479
411,avaallan,5396,0,182624
412,oscarwylde,17401,0,393920
413,diggysimmons,27022,0,562780
414,walkingdeadscenes,11304,0,261187
415,tunameltsmyheart,30300,3,782662
416,vinetr,8763,0,372872
417,jeromeboateng,8130,2,195108
418,neworleanssaints,3896,3,259319
419,hollisterco,44089,1,1004257
420,kk22xo,38866,0,969647
421,emilycrimaldii,1010,0,1536
422,modsun,6330,0,110535
423,i_fxck_love_,2053,0,8555
424,wwe,13984,3,784661
425,gossipgirlfeed,16465,0,583218
426,louki_987,711,0,458
427,austinmahonesarmy,12063,1,434122
428,passiionforfashion,4911,0,353665
429,haneenartist,2784,1,213565
430,sincerelyjules,17959,1,1100071
431,iamjamiefoxx,5000,3,476497
432,asmuskristina,8840,0,351291
433,soccer_euro,10587,0,212232
434,fashionnova,10837,0,512909
435,willianborges88,29291,3,287880
436,asos,31724,0,1634282
437,tuner_society_,3719,1,120364
438,tunameltsmyheart,30302,3,782664
439,gq,9166,0,914853
440,hollisterco,44090,1,1004257
441,highhsoul,2423,0,129892
442,touzani7,5892,2,132510
443,megandeangelis,4604,0,71603
444,gusttavolimacantor,18632,0,624841
445,kristina_bazan,9883,2,633136
446,boobsandloubs_,11076,0,341954
447,yasser_alqahtani,15963,0,200389
448,forloveandlemons,7114,2,325953
449,briandeegan38,3954,15,224293
450,avaallan,5396,0,182625
451,vinedoctor,15071,0,518847
452,moanhoran,2149,0,117965
453,islampage,5078,12,205464
454,misss_kota,11790,2,502820
455,khloekardashian,182263,0,8987766
456,civilking,9695,0,833982
457,black_list,38637,2,1232143
458,runwaydreamz,10041,5,855112
459,laclippers,11301,1,333190
460,footmemes,4344,0,98804
461,jenee_12,12596,0,118208
462,clayryan1314,13557,0,305409
463,louki_987,711,0,459
464,afnan_albatel,31630,0,1425441
465,zeynepseverdemirel,14439,3,81784
466,neneoficial,4933,1,65404
467,blaireadiebee,7580,0,426922
468,mattiastyllander,7242,0,179122
469,annegienschilling,6179,0,113910
470,annaclendening,4716,0,139689
471,nbcthevoice,7556,4,248279
472,buddyboowaggytails,18068,2,348611
473,ijustine,13111,0,678710
474,juddymcfly,9693,0,149393
475,hilaryduff,55454,0,1727169
476,casandrae,38430,1,1555923
477,kaelynnharris,9406,1,239471
478,barkbox,8967,0,290155
479,harrysmileforme,12544,0,363791
480,edwestwick,66101,0,445241
481,imjennim,28733,1,529091
482,lojain_omran,10498,1,715460
483,bulldogstuff,5261,0,162810
484,interior123,8978,0,364520
485,mzdanah,6388,0,238854
486,coolestcollegefootballuniforms,6988,8,179382
487,lenagercke,9268,0,224007
488,camillamackintosh,17540,1,584290
489,beatfacehoney,3926,1,190302
490,willianborges88,29292,3,287884
491,monicabrown,18619,3,1274595
492,noahcyrus,63493,0,963706
493,mlbfancave,6999,0,201639
494,jenesuispasjoli,6341,0,58621
495,ms_rosalee,6578,0,472542
496,forloveandlemons,7114,2,325955
497,louki_987,711,0,459
498,fcbayern,23725,4,481654
499,annanystrom,32653,1,576675
500,yousif_alhajri,1552,0,45326
501,charlestrippy,18433,0,404487
502,ellevarner,5737,1,381136
503,steveaoki,15214,0,1103898
504,laquenailbar,13369,2,682047
505,stupidlaughss,4589,0,261849
506,buddyboowaggytails,18069,2,348610
507,cutegirlshairstyles,14867,1,617206
508,braves,12990,0,222826
509,tacielealcolea,8823,0,271130
510,nia_sioux5,28481,0,826671
511,zaagakun,854,0,10731
512,louis_tomlinson,10007,1,395406
513,klebbertoledo13,18044,2,284187
514,warriors,13332,1,304537
515,ninzeey,8854,0,583558
516,caioc3,76557,0,1759424
517,obey_king1212,956,0,3000
518,fun_clips,8902,0,484740
519,proudlock,15618,0,337087
520,jasonderulo,14223,1,677538
521,espn,20222,0,797090
522,sprinkleofglitr,52540,0,634119
523,runwaydreamz,10041,5,855113
524,gmartello22,10430,1,249239
525,trevorjackson5,8449,1,209440
526,cutegirlshairstyles,14868,1,617206
527,aguerosergiokun16,10694,1,326999
528,yasser_alqahtani,15964,0,200389
529,michellefawn,22837,1,1449224
530,3bood_boushehri,7100,0,444402
531,juddymcfly,9694,0,149393
532,wildfoxcouture,8148,1,513760
533,islampage,5078,12,205465
534,julianapaesoficial,9125,0,541011
535,nyrangers,9535,1,213299
536,waltdisneyworld,15602,2,250440
537,bestvideos,2834,0,116423
538,abdoty,5692,3,186719
539,felecool,5092,0,292232
540,fcb_supporters,6823,1,159749
541,littlemissnorthwest,6388,0,364787
542,tuner_society_,3720,1,120366
543,noahcyrus,63494,0,963708
544,nasser__hamad,2030,5,12131
545,beatfacehoney,3926,1,190302
546,kk22xo,38879,0,969650
547,superstreet,27136,7,1239498
548,813fashion,5100,0,429140
549,nailstorming,10168,0,269766
550,thekatvond,28352,0,2178732
551,m_almaeili,2018,0,22881
552,i_ema_i,1283,1,32432
553,alecholden,3765,0,38262
554,limecrimemakeup,11150,3,608851
555,slave2beauty,16742,0,872168
556,cmoretz,17933,0,1001005
557,813fashion,5101,0,429140
558,futbolsport,13583,5,306812
559,yousif_alhajri,1553,0,45326
560,letthelordbewithyou,117033,0,3733945
561,nala_cat,18786,0,1197086
562,daaruum,9878,3,209569
563,buddyboowaggytails,18069,2,348611
564,laurenfrodie,2898,0,74532
565,boobsandloubs_,11076,0,341953
566,2sisters_angie,9190,0,366603
567,fabisantina,3968,0,135935
568,loolyzh,8217,0,234532
569,oscarenestad,7612,0,167616
570,sert_mehmet,13992,0,591041
571,viktorfrisks,7179,1,129319
572,hilarrious,13868,0,689927
573,izkiz,23703,0,1046338
574,tahj_mowry,8350,0,284650
575,austinmahonesarmy,12069,1,434122
576,swakll,3428,0,233563
577,seanmalto,14905,1,292171
578,footmemes,4344,0,98806
579,mo0oney5544,13515,0,327400
580,dillonbrandt,3760,0,94681
581,mistyonpointe,4053,2,197346
582,civilking,9696,0,833983
583,vinedoctor,15072,0,518851
584,ferrarimotorsport,12555,2,754432
585,iamgalla,19380,1,666410
586,nails2inspire,7979,1,439490
587,nikewomen,14269,1,420896
588,3bood_boushehri,7101,0,444403
589,king_lilg,2597,1,59184
590,littlemissnorthwest,6389,0,364787
591,433en,8698,6,239688
592,nailsvideos,4474,0,198568
593,tylerjblackburn,40803,0,1053751
594,kennywormald,5270,3,79589
595,carswithoutlimits,22022,3,1163045
596,diggysimmons,27039,0,562784
597,fastnclean,5730,0,244425
598,beatfacehoney,3926,1,190302
599,nails2inspire,7980,1,439490
600,caioc3,76561,0,1759424
601,luanna90,39256,0,688401
602,jennydwoody,770,0,6808
603,sportscenter,47430,0,628732
604,vinefailed,3490,0,211109
605,lindsaylohan,41045,2,1263090
606,tonyhawk,12376,1,1257164
607,shophopes,6840,2,631379
608,nikerunning,20872,1,710064
609,buzova86,9572,0,650043
610,zaagakun,854,0,10731
611,koragoal,5923,12,139286
612,lornajaneactive,3896,3,287641
613,hugogloss,12468,1,593083
614,mzdanah,6389,0,238852
615,steveaoki,15215,0,1103898
616,trevorjackson5,8449,1,209442
617,31_cengiz_21,1799,2,16017
618,aslihanguner,8678,0,239015
619,bestvideos,2834,0,116425
620,30secondstomars,23937,2,363923
621,alecholden,3765,0,38262
622,yasser_alqahtani,15964,0,200389
623,gq,9167,0,914853
624,walkingdeadscenes,11305,0,261187
625,kyrenian,11455,30,676375
626,brandymelvillecanada,20098,9,533426
627,chuck_tee,3114,0,4433
628,tyleroakley,123799,0,1733975
629,jenee_12,12596,0,118210
630,jn,4082,0,313963
631,suicidegirls,13962,2,1317875
632,gmy_vintique,24386,1,847082
633,thefashionbybel,12246,0,662063
634,corgistagram,11338,0,204363
635,dance_like_nobodys_watchin,5579,0,269860
636,steffi_gie,18079,0,125390
637,galatasaray,14653,2,316271
638,jennydwoody,770,0,6808
639,warriors,13336,1,304542
640,nasser_videos,6911,0,121505
641,ericvdunn_,1615,0,101176
642,gq,9167,0,914853
643,emilycrimaldii,1010,0,1536
644,naildecor,9259,0,469789
645,miatalerico101,15131,0,409385
646,nba,55307,1,2397028
647,waleedbakshwen4,3244,0,21614
648,jamiejchung,6398,1,341265
649,seanmalto,14909,1,292171
650,megandeangelis,4604,0,71604
651,troubleman31,5725,4,1992462
652,alecholden,3766,0,38262
653,fcbayern,23727,4,481655
654,benefitcosmetics,5209,5,602331
655,cherlloyd,42689,1,1713966
656,ootdmagazine,9376,0,1031596
657,khaledzedani,2718,0,72445
658,dancingabc,8372,3,275455
659,813fashion,5104,0,429146
660,gemmstyles,5932,0,156101
661,felecool,5093,0,292232
662,haneenartist,2783,1,213564
663,avaallan,5399,0,182625
664,meghanrosette,20903,2,317063
665,cams_instagram,468112,0,3119990
666,omarborkan,11735,0,507446
667,limecrimemakeup,11151,3,608856
668,kendalljenner,456879,0,9541171
669,modsun,6336,0,110538
670,gmartello22,10431,1,249242
671,torsteinhorgmo,5247,0,92963
672,slave2beauty,16744,0,872169
673,solecollector,10022,2,443661
674,christiandelgrosso,9737,0,200138
675,braves,12993,0,222828
676,chiaraferragni,27429,1,2157377
677,nkalexander7,6410,0,175224
678,audiosoup,6283,0,616993
679,natbynature,8721,1,298083
680,blaireadiebee,7582,0,426925
681,m_jarallah,4928,0,89148
682,nikerunning,20874,1,710067
683,snowboardermag,10301,4,394271
684,ms_rosalee,6581,0,472543
685,waltdisneyworld,15604,2,250447
686,jenee_12,12596,0,118210
687,gusttavolimacantor,18646,0,624853
688,viktorfrisks,7179,1,129319
689,hollisterco,44097,1,1004262
690,mzdanah,6390,0,238852
691,omarborkan,11735,0,507447
692,chrissycostanza,15661,0,321843
693,gq,9167,0,914853
694,gmy_vintique,24386,1,847083
695,cams_instagram,468127,0,3119997
696,littlemissnorthwest,6389,0,364788
697,houstonrockets,6048,0,237772
698,yandysmith,7403,6,1138716
699,vans,35299,1,1305905
700,sophiaabrahao,24639,0,728614
701,zooooooe,8619,0,254660
702,sh3aib,7185,0,196445
703,xkatyperry,18071,0,618842
704,coolestcollegefootballuniforms,6995,8,179384
705,claudiasulewski,18814,1,223683
706,hugogloss,12469,1,593084
707,torsteinhorgmo,5247,0,92964
708,zeynepseverdemirel,14443,3,81793
709,haifahussain,4340,16,321779
710,garotasestupidas,10110,1,653880
711,melformakeup,6328,0,524576
712,audiosoup,6283,0,616994
713,keep1988,7370,1,219584
714,tacielealcolea,8827,0,271132
715,beatfacehoney,3927,1,190301
716,thenorthface,5687,2,194049
717,badr_alzidane,14937,0,548521
718,ijustine,13117,0,678712
719,jeromeboateng,8133,2,195111
720,hilarrious,13871,0,689939
721,gemmstyles,5936,0,156101
722,wonderful_places,32680,0,1134219
723,fcb_supporters,6825,1,159750
724,i_fxck_love_,2053,0,8555
725,converse,15419,1,725116
726,louis_tomlinson,10009,1,395404
727,trevorjackson5,8450,1,209444
728,sophiabush,19479,7,687536
729,motor_head_,18582,0,707785
730,7e9a_alloughani,5699,0,576490
731,letthelordwalkwithyou,9839,1,44433
732,jamiejchung,6400,1,341265
733,hilaryduff,55459,0,1727170
734,jn,4083,0,313964
735,awesomeinventions,41512,0,2086997
736,emmyrossum,14570,2,471025
737,shophopes,6841,2,631381
738,ms_rosalee,6583,0,472546
739,stylestagram,11123,0,339623
740,laurag_143,11021,0,609381
741,6hr70,2748,0,97267
742,gq,9168,0,914854
743,joe_sugg,59978,0,864880
744,garotasestupidas,10114,1,653881
745,harrysmileforme,12549,0,363797
746,nasser_videos,6911,0,121507
747,stancenation,26657,1,973436
748,stavangermamma,12370,0,155717
749,buzova86,9575,0,650044
750,theveeview,7871,0,280097
751,zbeeken,3141,0,77234
752,moanhoran,2149,0,117966
753,darya_pinzar86,3787,0,261207
754,boobsandloubs_,11077,0,341956
755,vinefailed,3491,0,211111
756,stupidlaughss,4594,0,261853
757,shai_woodley,7934,0,104999
758,negin_mirsalehi,24654,0,1266644
759,houstonrockets,6048,0,237774
760,modsun,6339,0,110537
761,xammasi,8924,0,112587
762,vinedoctor,15074,0,518862
763,nikerunning,20876,1,710069
764,hilaryduff,55459,0,1727170
765,camillamackintosh,17543,1,584294
766,rojas_gary,4022,2,93520
767,flaviodavid,485,6,31026
768,nikewomen,14273,1,420901
769,haifahussain,4340,16,321779
770,love_food,44654,0,1096612
771,sophiabush,19483,7,687536
772,brandymelvillecanada,20099,9,533431
773,barkbox,8974,0,290155
774,mzdanah,6391,0,238854
775,superstreet,27143,7,1239498
776,louteasdale,176291,1,1192776
777,shophopes,6841,2,631382
778,hoopmixtape,11881,0,306160
779,motor_head_,18584,0,707785
780,pistonaddictz,5999,1,220749
781,soccer_euro,10597,0,212237
782,klebbertoledo13,18048,2,284187
783,afnan_albatel,31642,0,1425452
784,sutterink,4372,0,77372
785,kendra_wilkinson_baskett,17697,0,370762
786,mo0oney5544,13518,0,327411
787,kitchennoor,5935,0,650777
788,steffi_gie,18079,0,125400
789,classicsdaily,5041,0,128882
790,nylonmag,10901,1,608703
791,sneakercon,13504,1,770132
792,islampage,5081,12,205466
793,felecool,5095,0,292233
794,shaimaa_3li_,5727,1,633348
795,daaruum,9879,3,209570
796,sophiaabrahao,24640,0,728613
797,sophiabush,19483,7,687538
798,carinstagram_video,9583,0,288317
799,letthelordwalkwithyou,9839,1,44433
800,sosobs,4301,0,165481
801,kristina_bazan,9886,2,633143
802,nickyromero,19795,0,392017
803,monicabrown,18627,3,1274595
804,sanberrocal,4141,0,116955
805,kimberlyx3you,6636,0,633356
806,heyharrystyles,16107,0,475290
807,superstreet,27144,7,1239498
808,wildfoxcouture,8152,1,513761
809,6hr70,2748,0,97267
810,kitchennoor,5937,0,650777
811,obey_king1212,956,0,3000
812,iamgalla,19386,1,666415
813,makeupvideoss,4547,0,138530
814,fabisantina,3969,0,135938
815,motogp,7690,1,241303
816,sofiesund,8857,0,223570
817,gemmstyles,5937,0,156103
818,mirandalambert,11078,0,237290
819,andreaswijk,2406,1,127681
820,jennycdelich,4199,2,63435
821,asmuskristina,8844,0,351286
822,mohmmed_alanazi,4166,27,53665
823,corgistagram,11339,0,204366
824,waltdisneyworld,15606,2,250449
825,awesomeinventions,41515,0,2086998
826,drama,12618,2,999765
827,victoriabonya,16099,8,868269
828,khloekardashian,182398,0,8987802
829,afnan_albatel,31646,0,1425452
830,klebbertoledo13,18050,2,284187
831,harvey_music,5211,0,72120
832,joemanager,4746,0,44297
833,theveeview,7871,0,280098
834,angelicablicks,14167,0,377064
835,jenee_12,12596,0,118209
836,xkatyperry,18072,0,618839
837,vinefailed,3492,0,211112
838,christiandelgrosso,9738,0,200136
839,emmyrossum,14575,2,471027
840,luanna90,39265,0,688402
841,flmha_,7593,0,97975
842,viktorfrisks,7179,1,129319
843,vossen,9961,1,649919
844,gabilopescombr,5716,3,146816
845,claudiasulewski,18816,1,223685
846,coolestcollegefootballuniforms,7001,8,179383
847,mackenziesherburn,6466,0,126343
848,lindseyvonn,2935,1,160973
849,nylonmag,10903,1,608702
850,mariam_alkharafi,9681,0,212154
851,alecholden,3767,0,38263
852,mustafaseven,16789,0,676165
853,sutterink,4372,0,77372
854,camillamackintosh,17545,1,584303
855,fashionnova,10850,0,512922
856,shai_woodley,7934,0,104998
857,laurasykora,22563,0,898276
858,3bood_boushehri,7101,0,444403
859,gabie_dinsbeer,6077,1,90585
860,carinstagram_video,9583,0,288319
861,433en,8702,6,239698
862,braves,12998,0,222829
863,forever21,78336,3,3373954
864,fcb_supporters,6825,1,159749
865,barkbox,8974,0,290156
866,converse,15420,1,725115
867,rosslynchxl,10006,0,575861
868,m_alnhet,3261,0,134442
869,gemmstyles,5939,0,156103
870,jamesmaslow,28663,1,539142
871,joemanager,4746,0,44297
872,marvel,7739,5,180894
873,lamborghini_motorsport,21840,0,844598
874,oscarenestad,7613,0,167614
875,chanteljeffries,13554,0,666323
876,buzova86,9575,0,650045
877,thesupercole,28398,0,394807
878,mustafaseven,16790,0,676165
879,mattiastyllander,7244,0,179123
880,girlyhub,5173,0,418243
881,30secondstomars,23943,2,363925
882,lindseyvonn,2935,1,160973
883,sophie_789,10595,5,159841
884,oscarwylde,17417,0,393926
885,xococoho,9678,0,184717
886,nailsartvidss,25277,0,981112
887,chrissycostanza,15662,0,321846
888,dresses__up,19680,0,1239505
889,sezyilmaz,14918,1,772532
890,jennydwoody,770,0,6808
891,bestoffootball,37932,0,485407
892,433en,8703,6,239698
893,jn,4084,0,313964
894,boobsandloubs_,11077,0,341956
895,wildfoxcouture,8153,1,513761
896,lindsaylohan,41051,2,1263101
897,barkbox,8974,0,290158
898,kendra_wilkinson_baskett,17699,0,370768
899,jewsie_nails,14033,0,489948
900,nkalexander7,6412,0,175223
901,loolyzh,8218,0,234531
902,6hr70,2749,0,97270
903,chiaraferragni,27435,1,2157369
904,annasaccone,11164,4,321634
905,briandeegan38,3954,15,224295
906,steelerrb26,2143,0,39648
907,melformakeup,6329,0,524582
908,shaym,224769,0,3425409
909,barkbox,8975,0,290158
910,rei,4234,2,64012
911,imjennim,28745,1,529096
912,caioc3,76577,0,1759440
913,scbclothing,19231,0,227440
914,asos,31730,0,1634300
915,mlbfancave,7003,0,201638
916,flightclub,25244,1,625985
917,yosoyjayramirez,8809,0,225480
918,mr_carter5,5174,0,153614
919,yasser_alqahtani,15965,0,200389
920,vossen,9962,1,649918
921,jamiegraceh,1711,3,79205
922,mikesmithlive,3160,1,67543
923,austinmahonesarmy,12081,1,434123
924,nbcthevoice,7557,4,248281
925,ferrarimotorsport,12573,2,754432
926,jennydwoody,770,0,6808
927,salwas_world_of_art,5658,0,261480
928,sprinkleofglitr,52589,0,634142
929,ghada_alodah,6691,0,216545
930,bestoffootball,37932,0,485407
931,gerardoortizoficial,17261,0,545851
932,forloveandlemons,7119,2,325964
933,superstreet,27146,7,1239499
934,natgeo,78718,1,4841215
935,xammasi,8926,0,112590
936,nailsvideos,4479,0,198581
937,houstonrockets,6048,0,237777
938,lenagercke,9269,0,224008
939,chiaraferragni,27437,1,2157366
940,ericvdunn_,1615,0,101177
941,vinemaniacs,9939,0,513545
942,gmy_vintique,24390,1,847083
943,flmha_,7595,0,97976
944,vinedoctor,15076,0,518869
945,jadeseba,11251,2,336014
946,marvel,7740,5,180896
947,julianapaesoficial,9130,0,541010
948,michelle_lewin_,13946,1,1073726
949,m_jarallah,4930,0,89153
950,fastnclean,5735,0,244427
951,darya_pinzar86,3787,0,261206
952,euro_sport_,21679,0,454902
953,433en,8703,6,239698
954,motogp,7692,1,241308
955,weworewhat,3851,1,485743
956,fcb_supporters,6826,1,159750
957,carswithoutlimits,22042,3,1163053
958,nikewomen,14274,1,420901
959,keep1988,7370,1,219586
960,mikesmithlive,3160,1,67543
961,champssports,13081,2,285158
962,steelerrb26,2143,0,39649
963,jenee_12,12596,0,118209
964,mistyonpointe,4053,2,197345
965,kandiburruss,12277,0,1157066
966,boobsandloubs_,11077,0,341956
967,converse,15420,1,725116
968,ericvdunn_,1615,0,101177
969,motor_head_,18585,0,707789
970,daaruum,9880,3,209569
971,suicidegirls,13980,2,1317887
972,runwaydreamz,10046,5,855116
973,m_aljbr,2253,1,26605
974,31_cengiz_21,1799,2,16019
975,espn,20230,0,797093
976,ijustine,13120,0,678709
977,steveaoki,15223,0,1103908
978,limecrimemakeup,11163,3,608856
979,jacksonguthy,4617,0,120927
980,elmakias,11114,0,220198
981,trevorjackson5,8455,1,209447
982,briandeegan38,3954,15,224295
983,neworleanssaints,3897,3,259322
984,buzova86,9575,0,650046
985,littlebodybigheart,5405,0,121598
986,corgistagram,11342,0,204367
987,interior123,8990,0,364556
988,king_lilg,2599,1,59187
989,laurasykora,22565,0,898276
990,boobsandloubs_,11078,0,341957
991,trevorjackson5,8456,1,209447
992,louki_987,711,0,459
993,highhsoul,2425,0,129888
994,wonderful_places,32692,0,1134232
995,xammasi,8927,0,112592
996,thekatvond,28375,0,2178731
997,christiandelgrosso,9738,0,200136
998,bestvacations,23789,1,761810
999,laurenfrodie,2900,0,74532
1000,jennycdelich,4200,2,63436
1001,fitness_food_motivation,9778,0,1110628
1002,sanberrocal,4145,0,116956
1003,koragoal,5925,12,139290
1004,jn,4084,0,313964
1005,slave2beauty,16747,0,872169
1006,nasser_videos,6912,0,121512
1007,michaelkors,37823,1,2047638
1008,vossen,9965,1,649918
1009,keep1988,7370,1,219586
1010,ferrarimotorsport,12577,2,754432
1011,for_the_love_of_cheer,2497,0,71185
1012,spitta_andretti,8253,2,450653
1013,hilaryduff,55470,0,1727174
1014,snowboardermag,10307,4,394272
1015,nolanfunk,9734,0,219691
1016,ericvdunn_,1615,0,101177
1017,jessicaduckwife,13426,3,483604
1018,sophiekasaei_,10171,3,497461
1019,xkatyperry,18074,0,618833
1020,dillonbrandt,3760,0,94684
1021,7e9a_alloughani,5704,0,576490
1022,marleylilly,3434,3,147709
1023,yandysmith,7406,6,1138719
1024,rosslynchxl,10007,0,575873
1025,clayryan1314,13566,0,305417
1026,faisalalbasri,20777,0,291956
1027,fosterhunting,6934,0,844649
1028,moanhoran,2150,0,117962
1029,jn,4084,0,313964
1030,6hr70,2750,0,97273
1031,jeromeboateng,8134,2,195113
1032,miatalerico101,15137,0,409402
1033,kyrenian,11458,30,676374
1034,30secondstomars,23946,2,363923
1035,rosslynchxl,10007,0,575875
1036,stavangermamma,12371,0,155715
1037,asos,31733,0,1634303
1038,americanstyle,10636,0,1574451
1039,mustafaseven,16795,0,676168
1040,2sisters_angie,9206,0,366605
1041,barkbox,8978,0,290159
1042,letthelordwalkwithyou,9839,1,44441
1043,onhorseback,8513,0,229703
1044,megandeangelis,4607,0,71605
1045,mirandalambert,11079,0,237289
1046,hoopmixtape,11883,0,306162
1047,shai_woodley,7935,0,105002
1048,loolyzh,8220,0,234531
1049,abdoty,5697,3,186720
1050,tinitastoessel,18038,0,356892
1051,chrissycostanza,15665,0,321850
1052,laurenfrodie,2900,0,74532
1053,sfgiants,10401,2,350568
1054,disney,23745,0,586993
1055,whenarichniggawantyou,38918,3,1809387
1056,xammasi,8927,0,112592
1057,ferrarimotorsport,12578,2,754431
1058,cats_of_instagram,70374,1,1339012
1059,negin_mirsalehi,24658,0,1266640
1060,kardinalmelon,12913,0,637246
1061,kandiburruss,12278,0,1157067
1062,hilaryduff,55472,0,1727172
1063,koragoal,5925,12,139290
1064,rei,4236,2,64012
1065,annasaccone,11168,4,321633
1066,islampage,5085,12,205468
1067,kitchennoor,5942,0,650777
1068,khaledzedani,2718,0,72448
1069,waleedbakshwen4,3244,0,21619
1070,keep1988,7371,1,219586
1071,manrepeller,5376,3,572621
1072,zbeeken,3146,0,77233
1073,nastygal,5590,1,1160221
1074,clayryan1314,13570,0,305415
1075,gmartello22,10433,1,249246
1076,harrythepussymaster,5647,0,221513
1077,natbynature,8730,1,298089
1078,msamberpriley,20995,3,386910
1079,fcbayern,23730,4,481661
1080,onhorseback,8513,0,229704
1081,hilarrious,13882,0,689972
1082,caspar_leeo,119098,0,1100133
1083,modsun,6342,0,110535
1084,asia_alodah,5844,0,173955
1085,bestoffootball,37936,0,485409
1086,neworleanssaints,3898,3,259322
1087,instabraid,22367,2,975963
1088,soccer_euro,10598,0,212245
1089,interior123,8990,0,364561
1090,lilyjcollins,26261,2,496742
1091,iamgalla,19396,1,666421
1092,jenee_12,12596,0,118212
1093,shaym,224813,0,3425421
1094,chanteljeffries,13559,0,666323
1095,faisalalbasri,20779,0,291956
1096,sophiabush,19486,7,687548
1097,robbiecrawford,7385,1,230984
1098,truckdaily,16384,1,660327
1099,carlifestyle,22519,5,891727
1100,torsteinhorgmo,5250,0,92964
1101,caioc3,76592,0,1759445
1102,abercrombie,22435,1,764751
1103,viktorfrisks,7179,1,129319
1104,lamborghini_motorsport,21848,0,844606
1105,digbyvanwinkle,3187,0,266131
1106,natgeo,78760,1,4841227
1107,hilarrious,13882,0,689975
1108,darya_pinzar86,3787,0,261207
1109,jacksonguthy,4619,0,120929
1110,kendalljenner,456987,0,9541210
1111,touzani7,5903,2,132520
1112,afnan_albatel,31658,0,1425459
1113,gossipgirlfeed,16483,0,583216
1114,benandjerrys,7865,2,393771
1115,julianapaesoficial,9133,0,541012
1116,lolkenneth,7387,0,109739
1117,nails2inspire,7996,1,439501
1118,letthelordbewithyou,117067,0,3735131
1119,michaelkors,37827,1,2047643
1120,flmha_,7596,0,97977
1121,obey_king1212,956,0,3000
1122,goromalbeshe1,3371,0,111323
1123,fosterhunting,6937,0,844652
1124,disneylandaily,2058,1,66076
1125,bestoffootball,37937,0,485408
1126,swakll,3428,0,233565
1127,asia_alodah,5845,0,173956
1128,spitta_andretti,8254,2,450655
1129,zeynepseverdemirel,14451,3,81803
1130,vossen,9968,1,649918
1131,sutterink,4381,0,77374
1132,stupidlaughss,4596,0,261851
1133,misss_kota,11800,2,502824
1134,nbcthevoice,7559,4,248282
1135,kyrenian,11459,30,676376
1136,gmartello22,10433,1,249246
1137,melformakeup,6333,0,524589
1138,guimemc,22726,0,722716
1139,whereisadtr,8193,0,143738
1140,yosoyjayramirez,8810,0,225482
1141,kristina_bazan,9892,2,633150
1142,walkingdeadscenes,11309,0,261190
1143,fun_clips,8907,0,484746
1144,sanberrocal,4149,0,116955
1145,carswithoutlimits,22055,3,1163055
1146,love_food,44668,0,1096625
1147,steelerrb26,2145,0,39649
1148,truckdaily,16387,1,660328
1149,ericvdunn_,1615,0,101175
1150,jamesmaslow,28676,1,539146
1151,jewsie_nails,14040,0,489951
1152,mariam_alkharafi,9684,0,212156
1153,buzova86,9577,0,650048
1154,carlifestyle,22525,5,891730
1155,black_list,38657,2,1232146
1156,darya_pinzar86,3787,0,261207
1157,3bood_boushehri,7103,0,444405
1158,awesomeinventions,41523,0,2087002
1159,ijustine,13128,0,678708
1160,guimemc,22728,0,722717
1161,cats_of_instagram,70379,1,1339010
1162,kyrenian,11459,30,676375
1163,2sisters_angie,9210,0,366605
1164,haifahussain,4342,16,321788
1165,alecholden,3769,0,38265
1166,angelicablicks,14171,0,377077
1167,mackenziesherburn,6468,0,126340
1168,shamma1hamdan,11834,0,715043
1169,euro_sport_,21686,0,454907
1170,julianapaesoficial,9133,0,541014
1171,jessicaduckwife,13428,3,483603
1172,jennycdelich,4202,2,63437
1173,king_lilg,2599,1,59189
1174,xococoho,9684,0,184718
1175,converse,15423,1,725119
1176,felecool,5098,0,292234
1177,stancenation,26669,1,973444
1178,proudlock,15618,0,337089
1179,samcallahanmusic,4847,0,175460
1180,nala_cat,18830,0,1197095
1181,harrypottercast,8906,0,351173
1182,tonyhawk,12386,1,1257173
1183,iamjamiefoxx,5006,3,476509
1184,runwaydreamz,10053,5,855123
1185,bestoffootball,37939,0,485408
1186,tinitastoessel,18039,0,356893
1187,tori_wade,2247,0,87423
1188,nbcthevoice,7559,4,248282
1189,haneenartist,2787,1,213567
1190,seahawks,13372,1,434657
1191,nailstorming,10172,0,269804
1192,suicidegirls,13998,2,1317894
1193,swakll,3428,0,233565
1194,oscarwylde,17427,0,393928
1195,pshiiit_polish,2465,4,181895
1196,kimberlyx3you,6638,0,633354
1197,waleedbakshwen4,3244,0,21622
1198,braves,13006,0,222830
1199,nikewomen,14277,1,420903
1200,christiandelgrosso,9741,0,200141
1201,hudabeauty,8562,0,725834
1202,viktorfrisks,7179,1,129319
1203,spitta_andretti,8254,2,450655
1204,sportscenter,47455,0,628743
1205,disney,23748,0,586998
1206,rojas_gary,4023,2,93529
1207,meghanrosette,20925,2,317066
1208,cutegirlshairstyles,14881,1,617213
1209,edwestwick,66123,0,445259
1210,robbiecrawford,7389,1,230989
1211,for_the_love_of_cheer,2499,0,71187
1212,ferrarimotorsport,12584,2,754435
1213,cherlloyd,42700,1,1713976
1214,fabisantina,3976,0,135943
1215,laquenailbar,13383,2,682061
1216,vans,35333,1,1305921
1217,kristineullebo,12161,1,581829
1218,seanmalto,14925,1,292171
1219,m_almaeili,2019,0,22881
1220,riandawson,11100,0,163613
1221,gmy_vintique,24394,1,847085
1222,laurag_143,11024,0,609382
1223,elmakias,11120,0,220197
1224,runwaydreamz,10054,5,855124
1225,dancingabc,8380,3,275462
1226,littlebodybigheart,5409,0,121601
1227,louki_987,711,0,458
1228,nailsvideos,4481,0,198586
1229,jn,4085,0,313965
1230,caioc3,76603,0,1759456
1231,nbcthevoice,7561,4,248282
1232,marleylilly,3434,3,147711
1233,813fashion,5108,0,429159
1234,khaledzedani,2719,0,72449
1235,salwas_world_of_art,5658,0,261480
1236,ericvdunn_,1615,0,101175
1237,stupidlaughss,4598,0,261852
1238,mattiastyllander,7246,0,179126
1239,m_aljbr,2253,1,26605
1240,vinemaniacs,9939,0,513525
1241,rojas_gary,4024,2,93530
1242,makeupvideoss,4548,0,138573
1243,thats_g_,1019,0,28884
1244,31_cengiz_21,1801,2,16019
1245,christiandelgrosso,9741,0,200142
1246,30secondstomars,23949,2,363921
1247,sneakercon,13513,1,770138
1248,torsteinhorgmo,5251,0,92965
1249,suicidegirls,13999,2,1317897
1250,neworleanssaints,3898,3,259322
1251,dancemommelissa31,15944,0,350370
1252,chrissycostanza,15671,0,321851
1253,annegienschilling,6183,0,113910
1254,swakll,3428,0,233566
1255,whenarichniggawantyou,38922,3,1809385
1256,zendayamaree,158444,0,3136223
1257,sanberrocal,4149,0,116956
1258,izkiz,23710,0,1046336
1259,3bood_boushehri,7103,0,444405
1260,laurag_143,11024,0,609383
1261,tonyhawk,12387,1,1257172
1262,mistyonpointe,4056,2,197344
1263,buddyboowaggytails,18089,2,348621
1264,nailsartvidss,25288,0,981140
1265,m_jarallah,4934,0,89154
1266,fastnclean,5738,0,244426
1267,xammasi,8928,0,112594
1268,vinetr,8771,0,372888
1269,nkalexander7,6416,0,175228
1270,carinstagram_video,9589,0,288325
1271,sanberrocal,4150,0,116956
1272,heyharrystyles,16115,0,475294
1273,harrythepussymaster,5651,0,221514
1274,iamjamiefoxx,5006,3,476514
1275,zendayamaree,158454,0,3136227
1276,darya_pinzar86,3789,0,261209
1277,ferrarimotorsport,12588,2,754438
1278,mackenziesherburn,6468,0,126338
1279,carswithoutlimits,22064,3,1163054
1280,meghanrosette,20927,2,317070
1281,rojas_gary,4024,2,93532
1282,galatasaray,14661,2,316275
1283,vossen,9972,1,649918
1284,3bood_boushehri,7103,0,444405
1285,limecrimemakeup,11176,3,608858
1286,jamiejchung,6406,1,341263
1287,benefitcosmetics,5215,5,602337
1288,viktorfrisks,7179,1,129319
1289,neneoficial,4933,1,65406
1290,salwas_world_of_art,5658,0,261481
1291,gossipgirlfeed,16488,0,583213
1292,braves,13009,0,222830
1293,kristina_bazan,9892,2,633150
1294,dankanter,13656,2,309095
1295,suicidegirls,14000,2,1317899
1296,claudiasulewski,18837,1,223690
1297,klebbertoledo13,18055,2,284188
1298,amberleemtv,2859,3,60619
1299,touzani7,5903,2,132522
1300,fcbayern,23732,4,481661
1301,boobsandloubs_,11081,0,341961
1302,louis_tomlinson,10015,1,395404
1303,littlebodybigheart,5411,0,121601
1304,sfgiants,10401,2,350567
1305,nailsandfashionaddict,1790,0,45077
1306,love_food,44676,0,1096631
1307,neworleanssaints,3898,3,259322
1308,andreaswijk,2408,1,127682
1309,suicidegirls,14004,2,1317901
1310,dillonfrancis,10984,0,232263
1311,nails2inspire,8001,1,439509
1312,tahj_mowry,8364,0,284780
1313,littlemissnorthwest,6400,0,364782
1314,victoriabonya,16101,8,868273
1315,humaidalbuqaish,12934,0,487530
1316,shophopes,6847,2,631391
1317,tacielealcolea,8844,0,271139
1318,converse,15426,1,725124
1319,disneylandaily,2060,1,66077
1320,gmartello22,10434,1,249249
1321,waltdisneyworld,15615,2,250454
1322,stupidlaughss,4599,0,261854
1323,khloekardashian,182619,0,8987866
1324,fabisantina,3976,0,135943
1325,coolestcollegefootballuniforms,7007,8,179386
1326,jamesmaslow,28682,1,539152
1327,juddymcfly,9704,0,149402
1328,bestvacations,23800,1,761825
1329,sneakercon,13514,1,770138
1330,mackenziesherburn,6468,0,126338
1331,digbyvanwinkle,3188,0,266134
1332,troubleman31,5725,4,1992466
1333,replikler,5867,0,276590
1334,louteasdale,176426,1,1193043
1335,tinitastoessel,18039,0,356895
1336,manchesterunited,42631,1,945584
1337,yandysmith,7408,6,1138719
1338,marleylilly,3435,3,147712
1339,lolaalfares,17027,0,627404
1340,theveeview,7874,0,280101
1341,sfgiants,10401,2,350567
1342,limecrimemakeup,11179,3,608859
1343,rosslynchxl,10009,0,575888
1344,waleedbakshwen4,3245,0,21623
1345,ijustine,13133,0,678712
1346,kandiburruss,12292,0,1157070
1347,fastnclean,5738,0,244425
1348,waltdisneyworld,15615,2,250454
1349,msamberpriley,21004,3,386916
1350,chrissycostanza,15673,0,321853
1351,dillonbrandt,3760,0,94688
1352,gerardoortizoficial,17268,0,545855
1353,seamusobrien,8852,0,296128
1354,sezyilmaz,14932,1,772547
1355,claudiasulewski,18840,1,223692
1356,mo0oney5544,13522,0,327428
1357,garotasestupidas,10140,1,653881
1358,ferrarimotorsport,12590,2,754439
1359,gossipgirlfeed,16491,0,583217
1360,sophiekasaei_,10173,3,497467
1361,annasaccone,11174,4,321635
1362,abdoty,5700,3,186720
1363,felecool,5101,0,292237
1364,thekatvond,28392,0,2178731
1365,zendayamaree,158466,0,3136234
1366,yousif_alhajri,1555,0,45327
1367,stylestagram,11141,0,339629
1368,vinemaniacs,9941,0,513530
1369,harrypottercast,8909,0,351177
1370,oscarenestad,7616,0,167612
1371,vinefailed,3496,0,211123
1372,espn,20232,0,797096
1373,houstonrockets,6056,0,237778
1374,hudabeauty,8569,0,725835
1375,sincerelyjules,17998,1,1100065
1376,tahj_mowry,8367,0,284791
1377,spitta_andretti,8255,2,450655
1378,sanberrocal,4150,0,116956
1379,alecholden,3769,0,38265
1380,ninzeey,8870,0,583577
1381,jenesuispasjoli,6348,0,58624
1382,kk22xo,38928,0,969665
1383,superstreet,27163,7,1239501
1384,m_alnhet,3261,0,134448
1385,tacielealcolea,8844,0,271140
1386,classicsdaily,5054,0,128905
1387,caioc3,76611,0,1759466
1388,nickyromero,19810,0,392019
1389,ahlamalnajdi,11843,5,1508700
1390,seamusobrien,8852,0,296127
1391,jacksonguthy,4626,0,120932
1392,elmakias,11122,0,220197
1393,klebbertoledo13,18058,2,284188
1394,weworewhat,3852,1,485744
1395,theveeview,7874,0,280103
1396,houstonrockets,6056,0,237778
1397,mattiastyllander,7246,0,179126
1398,stupidlaughss,4599,0,261855
1399,meghanrosette,20934,2,317070
1400,faisalalbasri,20786,0,291960
1401,loolyzh,8222,0,234530
1402,fastnclean,5738,0,244425
1403,_cheeryourheartout,4539,0,212721
1404,misss_kota,11803,2,502828
1405,ijustine,13134,0,678712
1406,harrythepussymaster,5651,0,221516
1407,pllfeed,16179,1,572900
1408,shai_woodley,7940,0,105002
1409,stancenation,26678,1,973445
1410,faktastisch,43853,0,740397
1411,gabie_dinsbeer,6080,1,90585
1412,433en,8710,6,239708
1413,warriors,13353,1,304584
1414,gmartello22,10434,1,249252
1415,flightclub,25254,1,625997
1416,carinstagram_video,9590,0,288326
1417,passiionforfashion,4918,0,353665
1418,m_aljbr,2253,1,26605
1419,thesupercole,28407,0,394810
1420,lojain_omran,10513,1,715471
1421,modaparameninas,34709,0,1809114
1422,nia_sioux5,28565,0,826677
1423,nikerunning,20889,1,710075
1424,misss_kota,11804,2,502827
1425,nala_cat,18846,0,1197093
1426,jack_payneee,5448,1,89428
1427,pshiiit_polish,2466,4,181900
1428,kaelynnharris,9414,1,239489
1429,sophie_789,10598,5,159851
1430,sfgiants,10405,2,350568
1431,fcb_supporters,6831,1,159753
1432,dancemommelissa31,15945,0,350371
1433,humaidalbuqaish,12934,0,487530
1434,johngreenwritesbooks,52208,0,501178
1435,chrissycostanza,15675,0,321854
1436,thefashionbybel,12273,0,662085
1437,harrysmileforme,12558,0,363794
1438,flightclub,25255,1,625997
1439,yousif_alhajri,1555,0,45327
1440,vans,35350,1,1305939
1441,kardinalmelon,12922,0,637256
1442,issa_gold,1709,1,33407
1443,natbynature,8732,1,298096
1444,gmy_vintique,24399,1,847084
1445,mlbfancave,7010,0,201640
1446,dancingabc,8383,3,275464
1447,tuner_society_,3723,1,120382
1448,sofiesund,8869,0,223579
1449,haifahussain,4344,16,321790
1450,nailsvideos,4481,0,198601
1451,gabie_dinsbeer,6080,1,90585
1452,euro_sport_,21693,0,454914
1453,waltdisneyworld,15616,2,250458
1454,motor_head_,18595,0,707801
1455,stavangermamma,12371,0,155716
1456,disneylandaily,2060,1,66077
1457,zooooooe,8629,0,254662
1458,fastnclean,5740,0,244425
1459,moanhoran,2151,0,117956
1460,laclippers,11315,1,333201
1461,harvey_music,5216,0,72127
1462,buddyboowaggytails,18092,2,348629
1463,altpress,2129,2,132491
1464,iamgalla,19406,1,666434
1465,laurasykora,22570,0,898285
1466,tonyhawk,12388,1,1257174
1467,wwe,13992,3,784678
1468,fun_clips,8908,0,484748
1469,heyharrystyles,16118,0,475294
1470,mistyonpointe,4056,2,197343
1471,camillamackintosh,17558,1,584318
1472,disneylandaily,2060,1,66077
1473,carinstagram_video,9590,0,288329
1474,black_list,38669,2,1232145
1475,433en,8711,6,239709
1476,interior123,8999,0,364585
1477,boobsandloubs_,11081,0,341964
1478,flmha_,7596,0,97978
1479,faisalalbasri,20788,0,291959
1480,noahcyrus,63547,0,963724
1481,neneoficial,4934,1,65406
1482,beyondthebuzzer,9440,5,228109
1483,lilyjcollins,26277,2,496756
1484,optich3cz,3552,0,80154
1485,kk22xo,38938,0,969662
1486,juddymcfly,9705,0,149403
1487,brandymelvillecanada,20112,9,533447
1488,awesomeinventions,41533,0,2087007
1489,disney,23756,0,587007
1490,braves,13012,0,222832
1491,xammasi,8929,0,112593
1492,forloveandlemons,7126,2,325967
1493,pistonaddictz,6004,1,220750
1494,annasaccone,11175,4,321636
1495,stupidlaughss,4600,0,261854
1496,lamborghini_motorsport,21863,0,844606
1497,m_aljbr,2253,1,26605
1498,pistonaddictz,6004,1,220750
1499,highhsoul,2430,0,129891
1500,thenorthface,5699,2,194051
1501,wildfoxcouture,8162,1,513760
1502,mo0oney5544,13524,0,327428
1503,snowboardermag,10322,4,394272
1504,sezyilmaz,14935,1,772551
1505,jewsie_nails,14045,0,489957
1506,angelicablicks,14178,0,377079
1507,iamjamiefoxx,5008,3,476521
1508,proudlock,15618,0,337094
1509,alecholden,3772,0,38265
1510,forever21,78399,3,3373982
1511,benandjerrys,7877,2,393770
1512,_cheeryourheartout,4540,0,212724
1513,sprinkleofglitr,52665,0,634164
1514,insta6arab,7330,1,249079
1515,steveaoki,15234,0,1103906
1516,kandiburruss,12296,0,1157074
1517,carinstagram,19847,0,1043221
1518,sophie_789,10598,5,159855
1519,stavangermamma,12371,0,155717
1520,mohmmed_alanazi,4166,27,53665
1521,nylonmag,10916,1,608713
1522,mzdanah,6395,0,238855
1523,m_almaeili,2020,0,22880
1524,neworleanssaints,3899,3,259321
1525,love_food,44681,0,1096636
1526,footmemes,4350,0,98813
1527,lornajaneactive,3903,3,287643
1528,letthelordbewithyou,117090,0,3735843
1529,yousif_alhajri,1556,0,45328
1530,kendalljenner,457090,0,9541243
1531,nkalexander7,6417,0,175232
1532,lojain_omran,10516,1,715472
1533,awesomeinventions,41535,0,2087009
1534,ahlamalnajdi,11845,5,1508704
1535,americanstyle,10650,0,1574457
1536,youngsav23,4321,1,168466
1537,nasser__hamad,2030,5,12131
1538,zbeeken,3151,0,77231
1539,sophiaabrahao,24659,0,728610
1540,m_alnhet,3261,0,134448
1541,michaelkors,37839,1,2047651
1542,nyrangers,9542,1,213304
1543,keep1988,7375,1,219588
1544,civilking,9733,0,833989
1545,tunameltsmyheart,30338,3,782675
1546,louis_tomlinson,10017,1,395407
1547,jasonderulo,14251,1,677539
1548,littlebodybigheart,5412,0,121602
1549,passiionforfashion,4920,0,353665
1550,fosterhunting,6939,0,844657
1551,parachute,1234,0,94107
1552,sneakercon,13518,1,770140
1553,beyondthebuzzer,9443,5,228109
1554,truckdaily,16391,1,660332
1555,manchesterunited,42643,1,945589
1556,annanystrom,32674,1,576701
1557,laquenailbar,13390,2,682069
1558,bestvideos,2840,0,116427
1559,waleedbakshwen4,3248,0,21627
1560,heyharrystyles,16119,0,475294
1561,dillonbrandt,3760,0,94688
1562,pistonaddictz,6004,1,220750
1563,nails2inspire,8011,1,439516
1564,daaruum,9884,3,209570
1565,pshiiit_polish,2469,4,181901
1566,lojain_omran,10517,1,715473
1567,imjennim,28757,1,529099
1568,nia_sioux5,28581,0,826684
1569,mikesmithlive,3165,1,67557
1570,superstreet,27164,7,1239502
1571,salwas_world_of_art,5660,0,261482
1572,fcbarcelona,59579,3,1958775
1573,motor_head_,18598,0,707806
1574,jennycdelich,4205,2,63436
1575,trevorjackson5,8463,1,209446
1576,mattiastyllander,7247,0,179126
1577,negin_mirsalehi,24667,0,1266641
1578,gusttavolimacantor,18680,0,624883
1579,mo0oney5544,13528,0,327427
1580,asia_alodah,5848,0,173958
1581,buzova86,9589,0,650052
1582,manrepeller,5379,3,572621
1583,miatalerico101,15148,0,409418
1584,sneakercon,13520,1,770140
1585,annegienschilling,6186,0,113910
1586,tahj_mowry,8372,0,284820
1587,flightclub,25257,1,625999
1588,whereisadtr,8194,0,143745
1589,faktastisch,43857,0,740398
1590,doll_memories,4565,4,310207
1591,viktorfrisks,7179,1,129318
1592,hilarrious,13899,0,690008
1593,natbynature,8735,1,298098
1594,carinstagram,19856,0,1043223
1595,sert_mehmet,14017,0,591043
1596,melformakeup,6339,0,524610
1597,beatfacehoney,3941,1,190300
1598,xkatyperry,18090,0,618816
1599,beyondthebuzzer,9443,5,228109
1600,dankanter,13656,2,309095
1601,nasser_videos,6920,0,121522
1602,gq,9179,0,914866
1603,kandiburruss,12303,0,1157076
1604,kristina_bazan,9905,2,633154
1605,carinstagram_video,9592,0,288335
1606,kitchennoor,5950,0,650782
1607,jenee_12,12599,0,118212
1608,seanmalto,14931,1,292172
1609,sophiaabrahao,24659,0,728606
1610,makeupvideoss,4548,0,138620
1611,pistonaddictz,6004,1,220750
1612,deluxefx,11976,0,860969
1613,blaireadiebee,7593,0,426929
1614,disney,23760,0,587010
1615,kristina_bazan,9906,2,633154
1616,31_cengiz_21,1801,2,16021
1617,mackenziesherburn,6468,0,126342
1618,lojain_omran,10518,1,715472
1619,limecrimemakeup,11186,3,608870
1620,robbiecrawford,7394,1,230994
1621,hilarrious,13899,0,690009
1622,fosterhunting,6940,0,844657
1623,nailstorming,10178,0,269830
1624,suicidegirls,14030,2,1317905
1625,sophiekasaei_,10173,3,497472
1626,nkalexander7,6418,0,175232
1627,lindsaylohan,41070,2,1263107
1628,tyleroakley,123994,0,1734037
1629,steffi_gie,18081,0,125448
1630,king_lilg,2600,1,59192
1631,noahcyrus,63569,0,963725
1632,hilaryduff,55492,0,1727190
1633,cams_instagram,468541,0,3120118
1634,truckdaily,16394,1,660330
1635,xococoho,9696,0,184723
1636,beatfacehoney,3941,1,190300
1637,nailsvideos,4481,0,198604
1638,abercrombie,22442,1,764753
1639,salwas_world_of_art,5660,0,261482
1640,sophie_789,10599,5,159860
1641,meghanrosette,20946,2,317069
1642,instabraid,22382,2,975976
1643,stylestagram,11150,0,339633
1644,daaruum,9885,3,209569
1645,thekatvond,28403,0,2178740
1646,harvey_music,5218,0,72131
1647,faktastisch,43858,0,740399
1648,mattiastyllander,7247,0,179126
1649,mohmmed_alanazi,4166,27,53665
1650,harrythepussymaster,5652,0,221517
1651,zooooooe,8631,0,254661
1652,jamiegraceh,1712,3,79205
1653,dance_like_nobodys_watchin,5581,0,269866
1654,dankanter,13657,2,309095
1655,carinstagram_video,9593,0,288335
1656,laurasykora,22578,0,898288
1657,wonderful_places,32724,0,1134253
1658,yosoyjayramirez,8814,0,225483
1659,asos,31747,0,1634312
1660,digbyvanwinkle,3189,0,266136
1661,vinefailed,3498,0,211125
1662,cherlloyd,42716,1,1713978
1663,30secondstomars,23959,2,363923
1664,chrissycostanza,15682,0,321854
1665,federico_devito,3824,0,58316
1666,felecool,5110,0,292241
1667,nyrangers,9544,1,213304
1668,vinemaniacs,9944,0,513527
1669,afnan_albatel,31688,0,1425465
1670,solecollector,10035,2,443666
1671,robbiecrawford,7395,1,230994
1672,m_aljbr,2254,1,26605
1673,nikerunning,20903,1,710075
1674,sprinkleofglitr,52694,0,634173
1675,fun_clips,8913,0,484753
1676,lilyjcollins,26291,2,496757
1677,meghanrosette,20946,2,317069
1678,manrepeller,5379,3,572623
1679,hudabeauty,8580,0,725844
1680,neworleanssaints,3900,3,259321
1681,m_alnhet,3261,0,134448
1682,kaelynnharris,9418,1,239495
1683,stavangermamma,12375,0,155717
1684,jamesmaslow,28702,1,539150
1685,altpress,2129,2,132494
1686,trevorjackson5,8463,1,209448
1687,doll_memories,4565,4,310211
1688,melformakeup,6341,0,524611
1689,barkbox,9005,0,290178
1690,espn,20235,0,797098
1691,ascia_akf,17461,0,744696
1692,disneylandaily,2061,1,66078
1693,xococoho,9698,0,184725
1694,humaidalbuqaish,12939,0,487530
1695,salwas_world_of_art,5661,0,261482
1696,houstonrockets,6059,0,237780
1697,seahawks,13379,1,434657
1698,dillonfrancis,10997,0,232267
1699,haifahussain,4346,16,321789
1700,fcbayern,23738,4,481661
1701,wwe,13995,3,784686
1702,steffi_gie,18081,0,125455
1703,beyondthebuzzer,9444,5,228110
1704,letthelordwalkwithyou,9841,1,44444
1705,tyleroakley,124016,0,1734044
1706,caioc3,76648,0,1759480
1707,nbcthevoice,7573,4,248291
1708,darya_pinzar86,3792,0,261208
1709,nylonmag,10923,1,608716
1710,_cheeryourheartout,4540,0,212722
1711,nia_sioux5,28591,0,826684
1712,vinefailed,3498,0,211128
1713,chanteljeffries,13565,0,666325
1714,trevorjackson5,8463,1,209449
1715,klebbertoledo13,18066,2,284188
1716,charlestrippy,18512,0,404493
1717,buzova86,9590,0,650053
1718,nailsvideos,4481,0,198608
1719,replikler,5870,0,276594
1720,nailsartvidss,25307,0,981169
1721,jadeseba,11262,2,336016
1722,rumineely,5935,0,523568
1723,m_almaeili,2022,0,22880
1724,flaviodavid,485,6,31026
1725,nickyromero,19818,0,392021
1726,camillamackintosh,17567,1,584327
1727,bestvacations,23816,1,761834
1728,federico_devito,3825,0,58315
1729,aguerosergiokun16,10720,1,327005
1730,emilycrimaldii,1010,0,1538
1731,laquenailbar,13393,2,682072
1732,megandeangelis,4618,0,71609
1733,luanna90,39288,0,688415
1734,loolyzh,8227,0,234530
1735,coolestcollegefootballuniforms,7014,8,179389
1736,tahj_mowry,8376,0,284846
1737,lamborghini_motorsport,21874,0,844611
1738,wildfoxcouture,8166,1,513765
1739,nikerunning,20906,1,710076
1740,yandysmith,7414,6,1138718
1741,goromalbeshe1,3373,0,111409
1742,annasaccone,11181,4,321637
1743,galatasaray,14672,2,316276
1744,kimberlyx3you,6645,0,633353
1745,audiosoup,6297,0,617019
1746,humaidalbuqaish,12939,0,487531
1747,vinedoctor,15090,0,518885
1748,onhorseback,8515,0,229704
1749,ootdmagazine,9403,0,1031609
1750,avaallan,5415,0,182623
1751,steffi_gie,18081,0,125457
1752,rojas_gary,4029,2,93544
1753,corgistagram,11355,0,204375
1754,tuner_society_,3727,1,120383
1755,barkbox,9007,0,290178
1756,mo0oney5544,13530,0,327437
1757,nailsartvidss,25308,0,981173
1758,insta6arab,7336,1,249080
1759,amberleemtv,2859,3,60620
1760,caspar_leeo,119161,0,1100162
1761,tacielealcolea,8854,0,271146
1762,garotasestupidas,10148,1,653884
1763,claudiasulewski,18861,1,223696
1764,nala_cat,18874,0,1197097
1765,gublergram,10084,0,145397
1766,yosoyjayramirez,8814,0,225484
1767,dresses__up,19698,0,1239534
1768,fun_clips,8913,0,484752
1769,andreaswijk,2408,1,127682
1770,marvel,7763,5,180920
1771,fastnclean,5749,0,244427
1772,edwestwick,66143,0,445273
1773,m_alnhet,3261,0,134450
1774,boobsandloubs_,11086,0,341968
1775,drama,12659,2,999768
1776,fcbayern,23739,4,481661
1777,izkiz,23721,0,1046335
1778,jenee_12,12601,0,118213
1779,31_cengiz_21,1801,2,16021
1780,gabie_dinsbeer,6082,1,90585
1781,carinstagram,19866,0,1043227
1782,luanna90,39289,0,688417
1783,slave2beauty,16759,0,872179
1784,_cheeryourheartout,4540,0,212721
1785,scbclothing,19248,0,227482
1786,seahawks,13379,1,434659
1787,dankanter,13658,2,309095
1788,noahcyrus,63583,0,963729
1789,joe_sugg,60198,0,864935
1790,naildecor,9274,0,469876
1791,harrysmileforme,12568,0,363790
1792,yosoyjayramirez,8814,0,225484
1793,converse,15432,1,725127
1794,sincerelyjules,18017,1,1100065
1795,thats_g_,1020,0,28884
1796,gusttavolimacantor,18689,0,624891
1797,miatalerico101,15153,0,409431
1798,tyleroakley,124028,0,1734045
1799,diggysimmons,27129,0,562805
1800,brandymelvillecanada,20121,9,533448
1801,forloveandlemons,7131,2,325968
1802,keep1988,7377,1,219589
1803,negin_mirsalehi,24671,0,1266635
1804,megandeangelis,4618,0,71609
1805,gerardoortizoficial,17274,0,545861
1806,tinitastoessel,18043,0,356894
1807,tori_wade,2251,0,87428
1808,koragoal,5929,12,139295
1809,rosslynchxl,10017,0,575904
1810,omarborkan,11762,0,507447
1811,iamgalla,19420,1,666446
1812,bestvideos,2842,0,116431
1813,littlebodybigheart,5414,0,121600
1814,obey_king1212,957,0,2999
1815,superstreet,27171,7,1239500
1816,vinetr,8780,0,372901
1817,jennycdelich,4206,2,63436
1818,islampage,5091,12,205467
1819,i_ema_i,1285,1,32442
1820,mlbfancave,7018,0,201642
1821,abdoty,5704,3,186725
1822,braves,13020,0,222837
1823,zbeeken,3157,0,77231
1824,riandawson,11119,0,163614
1825,doll_memories,4566,4,310215
1826,tyrabanks,37327,0,2343246
1827,waleedbakshwen4,3249,0,21631
1828,sert_mehmet,14022,0,591043
1829,iamjamiefoxx,5012,3,476533
1830,brittanya187,12963,1,1118675
1831,tacielealcolea,8856,0,271147
1832,neworleanssaints,3901,3,259320
1833,nbcthevoice,7575,4,248294
1834,klebbertoledo13,18068,2,284189
1835,michelle_lewin_,13955,1,1073751
1836,hugogloss,12524,1,593116
1837,sofiesund,8882,0,223585
1838,tahj_mowry,8377,0,284861
1839,darya_pinzar86,3792,0,261208
1840,harvey_music,5217,0,72134
1841,carinstagram_video,9596,0,288340
1842,fcb_supporters,6839,1,159757
1843,ijustine,13144,0,678711
1844,louteasdale,176596,1,1193220
1845,cams_instagram,468614,0,3120150
1846,lolkenneth,7393,0,109745
1847,stylestagram,11158,0,339639
1848,vinefailed,3498,0,211140
1849,fashionnova,10882,0,512967
1850,kyrenian,11467,30,676372
1851,superstreet,27172,7,1239501
1852,darya_pinzar86,3793,0,261208
1853,megandeangelis,4618,0,71609
1854,bestoffootball,37950,0,485419
1855,laurasykora,22578,0,898283
1856,wwe,13998,3,784690
1857,highhsoul,2432,0,129896
1858,whenarichniggawantyou,38930,3,1809380
1859,annanystrom,32678,1,576702
1860,afnan_albatel,31694,0,1425468
1861,mohmmed_alanazi,4166,27,53665
1862,motor_head_,18606,0,707811
1863,alecholden,3775,0,38265
1864,stavangermamma,12378,0,155716
1865,altpress,2129,2,132494
1866,disneylandaily,2063,1,66078
1867,tuner_society_,3728,1,120386
1868,motogp,7712,1,241329
1869,natgeo,78903,1,4841278
1870,harrysmileforme,12569,0,363791
1871,casandrae,38590,1,1555959
1872,hudabeauty,8589,0,725846
1873,shaimaa_3li_,5731,1,633359
1874,blaireadiebee,7596,0,426927
1875,torsteinhorgmo,5261,0,92970
1876,chantelzales,14120,0,505053
1877,jenee_12,12601,0,118212
1878,nastygal,5597,1,1160215
1879,love_food,44696,0,1096644
1880,oscarenestad,7619,0,167613
1881,hugogloss,12524,1,593116
1882,charlestrippy,18525,0,404494
1883,bestvacations,23820,1,761838
1884,thenorthface,5703,2,194052
1885,hilaryduff,55498,0,1727195
1886,runwaydreamz,10063,5,855138
1887,ericvdunn_,1615,0,101177
1888,for_the_love_of_cheer,2506,0,71191
1889,tyrabanks,37329,0,2343246
1890,ka7mad,3551,0,52410
1891,salwas_world_of_art,5663,0,261482
1892,vinedoctor,15092,0,518897
1893,letthelordwalkwithyou,9842,1,44445
1894,laurag_143,11032,0,609386
1895,federico_devito,3825,0,58315
1896,mistyonpointe,4061,2,197347
1897,nylonmag,10928,1,608719
1898,nikerunning,20907,1,710076
1899,digbyvanwinkle,3189,0,266138
1900,victoriabonya,16106,8,868271
1901,zaagakun,856,0,10731
1902,converse,15433,1,725126
1903,rumineely,5936,0,523570
1904,jenee_12,12601,0,118212
1905,carlifestyle,22548,5,891733
1906,haneenartist,2793,1,213565
1907,manchesterunited,42675,1,945591
1908,nikewomen,14285,1,420912
1909,avaallan,5416,0,182625
1910,joe_sugg,60216,0,864942
1911,zbeeken,3157,0,77232
1912,steveaoki,15238,0,1103912
1913,abdoty,5707,3,186726
1914,meghanrosette,20953,2,317071
1915,kristina_bazan,9911,2,633161
1916,ninzeey,8874,0,583583
1917,camillamackintosh,17571,1,584332
1918,abercrombie,22444,1,764752
1919,tyleroakley,124048,0,1734049
1920,zooooooe,8635,0,254660
1921,zendayamaree,158567,0,3136274
1922,sofiesund,8882,0,223587
1923,michellefawn,22941,1,1449212
1924,shai_woodley,7944,0,105008
1925,kimberlyx3you,6645,0,633356
1926,nala_cat,18886,0,1197099
1927,sophiaabrahao,24664,0,728607
1928,deluxefx,11983,0,860968
1929,riandawson,11125,0,163613
1930,tuner_society_,3729,1,120386
1931,yosoyjayramirez,8814,0,225484
1932,hopeless_q8,9325,0,190205
1933,tacielealcolea,8858,0,271148
1934,julianapaesoficial,9144,0,541020
1935,lindsaylohan,41075,2,1263117
1936,mikesmithlive,3167,1,67562
1937,khaledzedani,2720,0,72455
1938,lucaslucco,18074,0,682927
1939,faisalalbasri,20797,0,291966
1940,813fashion,5119,0,429175
1941,elmakias,11136,0,220199
1942,diggysimmons,27144,0,562809
1943,kennywormald,5278,3,79594
1944,clayryan1314,13589,0,305427
1945,gemmstyles,5951,0,156125
1946,waltdisneyworld,15626,2,250472
1947,jeromeboateng,8142,2,195118
1948,felecool,5112,0,292242
1949,nikewomen,14285,1,420912
1950,snowboardermag,10333,4,394274
1951,littlemissnorthwest,6417,0,364788
1952,stylestagram,11159,0,339638
1953,chantelzales,14122,0,505056
1954,hollisterco,44121,1,1004250
1955,buddyboowaggytails,18102,2,348637
1956,seamusobrien,8864,0,296136
1957,starwars,17865,4,379000
1958,buzova86,9593,0,650055
1959,theveeview,7878,0,280109
1960,melformakeup,6344,0,524621
1961,ssssamanthaa,10475,0,180394
1962,carinstagram_video,9597,0,288341
1963,laurenfrodie,2910,0,74534
1964,youngsav23,4323,1,168464
1965,victoriabonya,16106,8,868269
1966,manchesterunited,42676,1,945592
1967,tori_wade,2252,0,87430
1968,sert_mehmet,14025,0,591045
1969,wwe,14000,3,784695
1970,obey_king1212,957,0,2999
1971,shai_woodley,7945,0,105008
1972,replikler,5870,0,276594
1973,carinstagram,19870,0,1043227
1974,dillonbrandt,3763,0,94690
1975,nylonmag,10930,1,608721
1976,hopeless_q8,9325,0,190206
1977,euro_sport_,21715,0,454923
1978,mohmmed_alanazi,4166,27,53666
1979,felecool,5112,0,292242
1980,m_jarallah,4940,0,89167
1981,i_fxck_love_,2052,0,8555
1982,yasser_alqahtani,15980,0,200398
1983,vans,35380,1,1305957
1984,hilaryduff,55498,0,1727193
1985,rojas_gary,4031,2,93546
1986,chiaraferragni,27486,1,2157365
1987,pshiiit_polish,2469,4,181906
1988,jeromeboateng,8143,2,195118
1989,finnharries,67486,0,1467305
1990,yandysmith,7418,6,1138718
1991,lindsaylohan,41075,2,1263115
1992,carlifestyle,22551,5,891732
1993,xococoho,9703,0,184727
1994,fastnclean,5752,0,244429
1995,jamiegraceh,1714,3,79206
1996,casandrae,38598,1,1555961
1997,seahawks,13380,1,434660
1998,lindseyvonn,2938,1,160984
1999,nbcthevoice,7577,4,248297
2000,limecrimemakeup,11190,3,608877
2001,houstonrockets,6059,0,237780
2002,nasser_videos,6922,0,121526
2003,gmy_vintique,24410,1,847085
2004,espn,20236,0,797101
2005,sprinkleofglitr,52726,0,634184
2006,nolanfunk,9745,0,219693
2007,m_aljbr,2255,1,26605
2008,lamborghini_motorsport,21880,0,844611
2009,steveaoki,15241,0,1103913
2010,limecrimemakeup,11191,3,608877
2011,thesupercole,28423,0,394813
2012,charlestrippy,18533,0,404497
2013,jeromeboateng,8143,2,195118
2014,vinedoctor,15093,0,518906
2015,caioc3,76667,0,1759485
2016,yandysmith,7419,6,1138718
2017,m_alnhet,3261,0,134452
2018,yousif_alhajri,1556,0,45329
2019,sneakercon,13525,1,770146
2020,fun_clips,8918,0,484757
2021,swakll,3432,0,233568
2022,xococoho,9705,0,184727
2023,michellefawn,22948,1,1449213
2024,tori_wade,2251,0,87430
2025,forloveandlemons,7133,2,325973
2026,goromalbeshe1,3374,0,111438
2027,gmy_vintique,24410,1,847084
2028,benandjerrys,7885,2,393773
2029,garotasestupidas,10152,1,653886
2030,wonderful_places,32738,0,1134262
2031,chuck_tee,3114,0,4434
2032,lilyjcollins,26301,2,496768
2033,girlyhub,5192,0,418254
2034,fosterhunting,6945,0,844657
2035,highhsoul,2432,0,129895
2036,laurenfrodie,2911,0,74533
2037,carinstagram,19871,0,1043228
2038,gusttavolimacantor,18690,0,624897
2039,seamusobrien,8864,0,296136
2040,30secondstomars,23963,2,363925
2041,lucaslucco,18075,0,682940
2042,julianapaesoficial,9145,0,541021
2043,angelicaksy,6234,2,966979
2044,misss_kota,11810,2,502842
2045,afnan_albatel,31695,0,1425474
2046,edwestwick,66149,0,445280
2047,jessicaduckwife,13443,3,483609
2048,haifahussain,4350,16,321788
2049,disney,23773,0,587019
2050,flaviodavid,485,6,31026
2051,lolkenneth,7394,0,109748
2052,gabilopescombr,5736,3,146820
2053,imjennim,28769,1,529098
2054,sprinkleofglitr,52741,0,634185
2055,ssssamanthaa,10479,0,180399
2056,garotasestupidas,10153,1,653888
2057,kristina_bazan,9913,2,633158
2058,sert_mehmet,14026,0,591046
2059,replikler,5871,0,276596
2060,nikewomen,14285,1,420914
2061,thats_g_,1021,0,28884
2062,gmartello22,10438,1,249257
2063,motor_head_,18610,0,707814
2064,hudabeauty,8594,0,725847
2065,avaallan,5417,0,182625
2066,laurasykora,22580,0,898285
2067,jenesuispasjoli,6355,0,58630
2068,abdoty,5709,3,186728
2069,rojas_gary,4033,2,93549
2070,vinemaniacs,9950,0,513537
2071,torsteinhorgmo,5263,0,92970
2072,sophiabush,19534,7,687568
2073,youngsav23,4323,1,168465
2074,chuck_tee,3114,0,4434
2075,parachute,1235,0,94110
2076,yousif_alhajri,1556,0,45329
2077,dresses__up,19702,0,1239546
2078,obey_king1212,957,0,2999
2079,lindseyvonn,2938,1,160984
2080,love_food,44702,0,1096647
2081,sosobs,4313,0,165490
2082,runwaydreamz,10065,5,855146
2083,tylerjblackburn,40940,0,1053745
2084,laclippers,11321,1,333201
2085,love_food,44703,0,1096646
2086,boobsandloubs_,11086,0,341970
2087,6hr70,2752,0,97280
2088,ssssamanthaa,10481,0,180403
2089,elmakias,11137,0,220201
2090,hudabeauty,8594,0,725847
2091,nbcthevoice,7578,4,248298
2092,annasaccone,11185,4,321639
2093,andreaswijk,2409,1,127681
2094,fcbarcelona,59633,3,1958811
2095,bestvacations,23830,1,761846
2096,stupidlaughss,4603,0,261869
2097,433en,8724,6,239730
2098,converse,15435,1,725126
2099,ascia_akf,17470,0,744694
2100,altpress,2129,2,132494
2101,dresses__up,19702,0,1239546
2102,gublergram,10090,0,145402
2103,whenarichniggawantyou,38935,3,1809369
2104,civilking,9747,0,833995
2105,30secondstomars,23967,2,363925
2106,federico_devito,3829,0,58316
2107,tacielealcolea,8862,0,271150
2108,shaimaa_3li_,5731,1,633364
2109,alecholden,3778,0,38265
2110,briandeegan38,3959,15,224296
2111,lindsaylohan,41076,2,1263112
2112,austinmahonesarmy,12119,1,434126
2113,mo0oney5544,13532,0,327451
2114,jadeseba,11267,2,336019
2115,miatalerico101,15156,0,409443
2116,haneenartist,2793,1,213566
2117,lojain_omran,10522,1,715479
2118,tahj_mowry,8386,0,284908
2119,ghada_alodah,6701,0,216553
2120,tori_wade,2251,0,87431
2121,jewsie_nails,14058,0,489975
2122,gmy_vintique,24411,1,847086
2123,megandeangelis,4620,0,71612
2124,mirandalambert,11096,0,237301
2125,xkatyperry,18100,0,618810
2126,sezyilmaz,14950,1,772572
2127,carlifestyle,22554,5,891731
2128,chuck_tee,3114,0,4434
2129,weworewhat,3857,1,485745
2130,brandymelvillecanada,20128,9,533451
2131,annasaccone,11187,4,321639
2132,samcallahanmusic,4848,0,175458
2133,fcb_supporters,6841,1,159758
2134,imjennim,28773,1,529101
2135,nails2inspire,8029,1,439541
2136,misss_kota,11811,2,502844
2137,tyleroakley,124085,0,1734051
2138,carswithoutlimits,22114,3,1163065
2139,motor_head_,18612,0,707816
2140,m_almaeili,2022,0,22880
2141,mo0oney5544,13532,0,327451
2142,nikewomen,14287,1,420914
2143,loolyzh,8228,0,234529
2144,nasser_videos,6922,0,121528
2145,bestoffootball,37954,0,485422
2146,jewsie_nails,14058,0,489977
2147,kk22xo,38994,0,969626
2148,pistonaddictz,6006,1,220749
2149,whereisadtr,8197,0,143749
2150,sfgiants,10417,2,350572
2151,solecollector,10039,2,443668
2152,instabraid,22401,2,975987
2153,dresses__up,19702,0,1239549
2154,oscarenestad,7624,0,167613
2155,amberleemtv,2860,3,60620
2156,hoopmixtape,11899,0,306163
2157,thekatvond,28417,0,2178740
2158,briandeegan38,3959,15,224297
2159,annanystrom,32681,1,576712
2160,msamberpriley,21036,3,386924
2161,emmyrossum,14625,2,471052
2162,charlestrippy,18541,0,404500
2163,vinedoctor,15093,0,518910
2164,insta6arab,7345,1,249085
2165,kaelynnharris,9420,1,239502
2166,juddymcfly,9711,0,149410
2167,harrythepussymaster,5653,0,221520
2168,steelerrb26,2148,0,39656
2169,koragoal,5931,12,139299
2170,zooooooe,8637,0,254659
2171,gossipgirlfeed,16514,0,583219
2172,touzani7,5909,2,132536
2173,6hr70,2753,0,97280
2174,nolanfunk,9745,0,219694
2175,jennycdelich,4208,2,63437
2176,mustafaseven,16829,0,676181
2177,kristineullebo,12190,1,581844
2178,swakll,3433,0,233568
2179,whenarichniggawantyou,38937,3,1809368
2180,kimberlyx3you,6647,0,633354
2181,issa_gold,1711,1,33407
2182,jewsie_nails,14060,0,489978
2183,highhsoul,2434,0,129895
2184,riandawson,11130,0,163614
2185,badr_alzidane,14950,0,548527
2186,lindsaylohan,41077,2,1263115
2187,nasser__hamad,2030,5,12131
2188,carlifestyle,22555,5,891733
2189,fcbarcelona,59642,3,1958817
2190,khaledzedani,2721,0,72457
2191,waltdisneyworld,15628,2,250475
2192,buzova86,9599,0,650055
2193,jn,4093,0,313968
2194,interior123,9019,0,364620
2195,shaym,225065,0,3425466
2196,julianapaesoficial,9146,0,541022
2197,angelicaksy,6237,2,966981
2198,daaruum,9886,3,209571
2199,asmuskristina,8852,0,351286
2200,dillonbrandt,3765,0,94690
2201,neworleanssaints,3903,3,259317
2202,izkiz,23731,0,1046340
2203,harvey_music,5218,0,72138
2204,futbolsport,13607,5,306854
2205,girlyhub,5193,0,418255
2206,jn,4093,0,313968
2207,willianborges88,29321,3,287947
2208,kyrenian,11470,30,676371
2209,sosobs,4314,0,165490
2210,fashionnova,10885,0,512978
2211,tunameltsmyheart,30362,3,782678
2212,austinmahonesarmy,12125,1,434128
2213,dancingabc,8397,3,275469
2214,meghanrosette,20968,2,317075
2215,emmyrossum,14629,2,471050
2216,jessicaduckwife,13444,3,483612
2217,scbclothing,19257,0,227509
2218,tyrabanks,37337,0,2343247
2219,imjennim,28773,1,529102
2220,keep1988,7384,1,219590
2221,pshiiit_polish,2469,4,181911
2222,champssports,13098,2,285166
2223,30secondstomars,23969,2,363927
2224,steveaoki,15241,0,1103924
2225,carinstagram,19878,0,1043232
2226,forloveandlemons,7134,2,325970
2227,sophiabush,19540,7,687570
2228,jadeseba,11270,2,336020
2229,wildfoxcouture,8170,1,513766
2230,shaym,225080,0,3425465
2231,seanmalto,14939,1,292174
2232,lojain_omran,10523,1,715479
2233,forever21,78467,3,3374029
2234,limecrimemakeup,11200,3,608884
2235,gossipgirlfeed,16516,0,583219
2236,footmemes,4353,0,98818
2237,passiionforfashion,4924,0,353670
2238,instabraid,22403,2,975986
2239,i_fxck_love_,2052,0,8555
2240,michelle_lewin_,13962,1,1073782
2241,rojas_gary,4034,2,93549
2242,benefitcosmetics,5228,5,602342
2243,lindseyvonn,2938,1,160984
2244,nikerunning,20916,1,710077
2245,ijustine,13156,0,678713
2246,islampage,5091,12,205468
2247,fcbarcelona,59655,3,1958820
2248,tinitastoessel,18051,0,356897
2249,elmakias,11139,0,220202
2250,marvel,7771,5,180932
2251,iamjamiefoxx,5017,3,476545
2252,noahcyrus,63614,0,963739
2253,gerardoortizoficial,17283,0,545874
2254,zooooooe,8639,0,254658
2255,deluxefx,11990,0,860967
2256,joe_sugg,60275,0,864957
2257,fosterhunting,6951,0,844661
2258,houstonrockets,6063,0,237783
2259,rojas_gary,4034,2,93549
2260,seanmalto,14940,1,292174
2261,nailstorming,10184,0,269872
2262,alecholden,3778,0,38264
2263,steveaoki,15241,0,1103924
2264,oscarwylde,17465,0,393930
2265,letthelordbewithyou,117123,0,3736852
2266,m_almaeili,2022,0,22880
2267,rei,4251,2,64019
2268,suicidegirls,14046,2,1317940
2269,starwars,17868,4,379001
2270,finnharries,67521,0,1467298
2271,replikler,5873,0,276600
2272,dancingabc,8399,3,275470
2273,brittanya187,12983,1,1118695
2274,marleylilly,3444,3,147719
2275,warriors,13371,1,304649
2276,digbyvanwinkle,3193,0,266142
2277,aslihanguner,8700,0,239042
2278,laquenailbar,13402,2,682081
2279,chiaraferragni,27504,1,2157362
2280,champssports,13098,2,285166
2281,vinemaniacs,9952,0,513539
2282,whenarichniggawantyou,38941,3,1809370
2283,wildfoxcouture,8171,1,513766
2284,fcb_supporters,6841,1,159757
2285,flmha_,7598,0,97980
2286,whereisadtr,8199,0,143749
2287,onhorseback,8518,0,229705
2288,sophiabush,19541,7,687571
2289,gabilopescombr,5739,3,146820
2290,seanmalto,14940,1,292174
2291,kyrenian,11470,30,676370
2292,superstreet,27185,7,1239500
2293,m_jarallah,4942,0,89176
2294,weworewhat,3858,1,485748
2295,sincerelyjules,18035,1,1100078
2296,megandeangelis,4621,0,71613
2297,thats_g_,1021,0,28884
2298,dankanter,13660,2,309095
2299,jewsie_nails,14064,0,489979
2300,coolestcollegefootballuniforms,7023,8,179393
2301,carlifestyle,22557,5,891738
2302,michellefawn,22966,1,1449214
2303,boobsandloubs_,11087,0,341974
2304,flaviodavid,485,6,31026
2305,carswithoutlimits,22123,3,1163063
2306,cats_of_instagram,70460,1,1339056
2307,limecrimemakeup,11200,3,608884
2308,hugogloss,12539,1,593129
2309,harrythepussymaster,5653,0,221523
2310,sophie_789,10606,5,159868
2311,7e9a_alloughani,5719,0,576500
2312,xammasi,8939,0,112599
2313,mariam_alkharafi,9692,0,212165
2314,king_lilg,2603,1,59191
2315,tori_wade,2252,0,87431
2316,optich3cz,3562,0,80155
2317,vinedoctor,15095,0,518914
2318,annanystrom,32684,1,576715
2319,louis_tomlinson,10028,1,395416
2320,christiandelgrosso,9749,0,200152
2321,loolyzh,8231,0,234530
2322,hudabeauty,8598,0,725860
2323,civilking,9760,0,833996
2324,asos,31758,0,1634335
2325,carlifestyle,22557,5,891738
2326,bestvideos,2842,0,116431
2327,carinstagram_video,9604,0,288351
2328,neneoficial,4935,1,65406
2329,tacielealcolea,8865,0,271153
2330,faisalalbasri,20804,0,291970
2331,cherlloyd,42730,1,1714008
2332,mzdanah,6401,0,238862
2333,cats_of_instagram,70462,1,1339057
